State,CD,State-CD,ID
AL,1,AL1,
AL,1,AL1,
AL,1,AL1,
AL,1,AL1,
AL,1,AL1,
AL,2,AL2,
AL,2,AL2,
AL,2,AL2,
AL,2,AL2,
AL,2,AL2,
AL,3,AL3,
AL,3,AL3,
AL,3,AL3,
AL,3,AL3,
AL,3,AL3,
AL,4,AL4,
AL,4,AL4,
AL,4,AL4,
AL,4,AL4,
AL,4,AL4,
AL,5,AL5,
AL,5,AL5,
AL,5,AL5,
AL,5,AL5,
AL,5,AL5,
AL,6,AL6,
AL,6,AL6,
AL,6,AL6,
AL,6,AL6,
AL,6,AL6,
AL,7,AL7,
AL,7,AL7,
AL,7,AL7,
AL,7,AL7,
AL,7,AL7,
AK,1,AK1,
AK,1,AK1,
AK,1,AK1,
AK,1,AK1,
AK,1,AK1,
AZ,1,AZ1,3154
AZ,1,AZ1,3155
AZ,1,AZ1,3156
AZ,1,AZ1,3248
AZ,1,AZ1,3249
AZ,2,AZ2,3819
AZ,2,AZ2,3820
AZ,2,AZ2,3914
AZ,2,AZ2,3915
AZ,2,AZ2,3916
AZ,3,AZ3,3723
AZ,3,AZ3,3724
AZ,3,AZ3,3725
AZ,3,AZ3,3817
AZ,3,AZ3,3818
AZ,4,AZ4,3151
AZ,4,AZ4,3152
AZ,4,AZ4,3153
AZ,4,AZ4,3246
AZ,4,AZ4,3247
AZ,5,AZ5,3250
AZ,5,AZ5,3251
AZ,5,AZ5,3345
AZ,5,AZ5,3346
AZ,5,AZ5,3441
AZ,6,AZ6,3344
AZ,6,AZ6,3438
AZ,6,AZ6,3533
AZ,6,AZ6,3534
AZ,6,AZ6,3628
AZ,7,AZ7,3531
AZ,7,AZ7,3532
AZ,7,AZ7,3626
AZ,7,AZ7,3627
AZ,7,AZ7,3722
AZ,8,AZ8,3341
AZ,8,AZ8,3342
AZ,8,AZ8,3343
AZ,8,AZ8,3436
AZ,8,AZ8,3437
AZ,9,AZ9,
AZ,9,AZ9,
AZ,9,AZ9,
AZ,9,AZ9,
AZ,9,AZ9,
AR,1,AR1,
AR,1,AR1,
AR,1,AR1,
AR,1,AR1,
AR,1,AR1,
AR,2,AR2,
AR,2,AR2,
AR,2,AR2,
AR,2,AR2,
AR,2,AR2,
AR,3,AR3,
AR,3,AR3,
AR,3,AR3,
AR,3,AR3,
AR,3,AR3,
AR,4,AR4,
AR,4,AR4,
AR,4,AR4,
AR,4,AR4,
AR,4,AR4,
CA,1,CA1,1337
CA,1,CA1,1338
CA,1,CA1,1339
CA,1,CA1,1433
CA,1,CA1,1434
CA,2,CA2,1332
CA,2,CA2,1333
CA,2,CA2,1334
CA,2,CA2,1428
CA,2,CA2,1429
CA,3,CA3,1335
CA,3,CA3,1336
CA,3,CA3,1430
CA,3,CA3,1431
CA,3,CA3,1432
CA,4,CA4,1340
CA,4,CA4,1435
CA,4,CA4,1436
CA,4,CA4,1530
CA,4,CA4,1626
CA,5,CA5,1522
CA,5,CA5,1523
CA,5,CA5,1524
CA,5,CA5,1618
CA,5,CA5,1619
CA,6,CA6,1525
CA,6,CA6,1526
CA,6,CA6,1620
CA,6,CA6,1621
CA,6,CA6,1622
CA,7,CA7,1527
CA,7,CA7,1528
CA,7,CA7,1529
CA,7,CA7,1623
CA,7,CA7,1624
CA,8,CA8,3244
CA,8,CA8,3245
CA,8,CA8,3340
CA,8,CA8,3434
CA,8,CA8,3435
CA,9,CA9,1625
CA,9,CA9,1719
CA,9,CA9,1720
CA,9,CA9,1815
CA,9,CA9,1816
CA,10,CA10,2003
CA,10,CA10,2004
CA,10,CA10,1909
CA,10,CA10,1910
CA,10,CA10,2005
CA,11,CA11,1715
CA,11,CA11,1716
CA,11,CA11,1717
CA,11,CA11,1811
CA,11,CA11,1812
CA,12,CA12,1617
CA,12,CA12,1711
CA,12,CA12,1712
CA,12,CA12,1807
CA,12,CA12,1808
CA,13,CA13,1713
CA,13,CA13,1714
CA,13,CA13,1809
CA,13,CA13,1810
CA,13,CA13,1904
CA,14,CA14,1902
CA,14,CA14,1903
CA,14,CA14,1998
CA,14,CA14,1999
CA,14,CA14,2092
CA,15,CA15,1718
CA,15,CA15,1813
CA,15,CA15,1814
CA,15,CA15,1907
CA,15,CA15,1908
CA,16,CA16,2098
CA,16,CA16,2099
CA,16,CA16,2193
CA,16,CA16,2194
CA,16,CA16,2195
CA,17,CA17,1905
CA,17,CA17,1906
CA,17,CA17,2000
CA,17,CA17,2001
CA,17,CA17,2002
CA,18,CA18,2093
CA,18,CA18,2094
CA,18,CA18,2188
CA,18,CA18,2189
CA,18,CA18,2190
CA,19,CA19,2095
CA,19,CA19,2096
CA,19,CA19,2097
CA,19,CA19,2191
CA,19,CA19,2192
CA,20,CA20,2282
CA,20,CA20,2283
CA,20,CA20,2284
CA,20,CA20,2378
CA,20,CA20,2379
CA,21,CA21,2285
CA,21,CA21,2286
CA,21,CA21,2380
CA,21,CA21,2381
CA,21,CA21,2382
CA,22,CA22,2006
CA,22,CA22,2100
CA,22,CA22,2101
CA,22,CA22,2196
CA,22,CA22,2197
CA,23,CA23,2287
CA,23,CA23,2288
CA,23,CA23,2289
CA,23,CA23,2383
CA,23,CA23,2384
CA,24,CA24,2473
CA,24,CA24,2474
CA,24,CA24,2475
CA,24,CA24,2569
CA,24,CA24,2570
CA,25,CA25,2476
CA,25,CA25,2477
CA,25,CA25,2571
CA,25,CA25,2572
CA,25,CA25,2573
CA,26,CA26,2664
CA,26,CA26,2665
CA,26,CA26,2759
CA,26,CA26,2760
CA,26,CA26,2761
CA,27,CA27,2290
CA,27,CA27,2291
CA,27,CA27,2386
CA,27,CA27,2387
CA,27,CA27,2481
CA,28,CA28,2385
CA,28,CA28,2480
CA,28,CA28,2479
CA,28,CA28,2478
CA,28,CA28,2575
CA,29,CA29,2574
CA,29,CA29,2668
CA,29,CA29,2669
CA,29,CA29,2764
CA,29,CA29,2765
CA,30,CA30,2666
CA,30,CA30,2667
CA,30,CA30,2762
CA,30,CA30,2763
CA,30,CA30,2857
CA,31,CA31,2482
CA,31,CA31,2577
CA,31,CA31,2578
CA,31,CA31,2579
CA,31,CA31,2673
CA,32,CA32,2576
CA,32,CA32,2670
CA,32,CA32,2671
CA,32,CA32,2766
CA,32,CA32,2767
CA,33,CA33,2854
CA,33,CA33,2855
CA,33,CA33,2856
CA,33,CA33,2950
CA,33,CA33,2951
CA,34,CA34,2955
CA,34,CA34,2956
CA,34,CA34,3049
CA,34,CA34,3050
CA,34,CA34,3051
CA,35,CA35,2672
CA,35,CA35,2768
CA,35,CA35,2769
CA,35,CA35,2863
CA,35,CA35,2864
CA,36,CA36,3529
CA,36,CA36,3530
CA,36,CA36,3624
CA,36,CA36,3625
CA,36,CA36,3721
CA,37,CA37,2858
CA,37,CA37,2859
CA,37,CA37,2952
CA,37,CA37,2953
CA,37,CA37,2954
CA,38,CA38,2862
CA,38,CA38,2861
CA,38,CA38,2860
CA,38,CA38,2958
CA,38,CA38,2957
CA,39,CA39,3052
CA,39,CA39,3053
CA,39,CA39,3147
CA,39,CA39,3148
CA,39,CA39,3149
CA,40,CA40,3145
CA,40,CA40,3146
CA,40,CA40,3240
CA,40,CA40,3241
CA,40,CA40,3336
CA,41,CA41,2959
CA,41,CA41,2960
CA,41,CA41,3054
CA,41,CA41,3055
CA,41,CA41,3150
CA,42,CA42,3242
CA,42,CA42,3243
CA,42,CA42,3337
CA,42,CA42,3338
CA,42,CA42,3339
CA,43,CA43,3045
CA,43,CA43,3046
CA,43,CA43,3047
CA,43,CA43,3141
CA,43,CA43,3142
CA,44,CA44,3048
CA,44,CA44,3143
CA,44,CA44,3144
CA,44,CA44,3238
CA,44,CA44,3239
CA,45,CA45,3433
CA,45,CA45,3432
CA,45,CA45,3431
CA,45,CA45,3528
CA,45,CA45,3527
CA,46,CA46,3334
CA,46,CA46,3335
CA,46,CA46,3428
CA,46,CA46,3429
CA,46,CA46,3430
CA,47,CA47,3236
CA,47,CA47,3237
CA,47,CA47,3332
CA,47,CA47,3333
CA,47,CA47,3427
CA,48,CA48,3522
CA,48,CA48,3523
CA,48,CA48,3524
CA,48,CA48,3617
CA,48,CA48,3618
CA,49,CA49,3525
CA,49,CA49,3526
CA,49,CA49,3619
CA,49,CA49,3620
CA,49,CA49,3621
CA,50,CA50,3622
CA,50,CA50,3623
CA,50,CA50,3718
CA,50,CA50,3719
CA,50,CA50,3720
CA,51,CA51,3815
CA,51,CA51,3816
CA,51,CA51,3911
CA,51,CA51,3912
CA,51,CA51,3913
CA,52,CA52,3715
CA,52,CA52,3716
CA,52,CA52,3717
CA,52,CA52,3811
CA,52,CA52,3812
CA,53,CA53,3813
CA,53,CA53,3814
CA,53,CA53,3908
CA,53,CA53,3909
CA,53,CA53,3910
CO,1,CO1,2876
CO,1,CO1,2971
CO,1,CO1,2972
CO,1,CO1,3065
CO,1,CO1,3066
CO,2,CO2,2777
CO,2,CO2,2778
CO,2,CO2,2779
CO,2,CO2,2682
CO,2,CO2,2683
CO,3,CO3,2872
CO,3,CO3,2967
CO,3,CO3,2968
CO,3,CO3,3062
CO,3,CO3,3063
CO,4,CO4,2877
CO,4,CO4,2878
CO,4,CO4,2973
CO,4,CO4,3067
CO,4,CO4,3068
CO,5,CO5,2873
CO,5,CO5,2874
CO,5,CO5,2969
CO,5,CO5,2970
CO,5,CO5,3064
CO,6,CO6,2686
CO,6,CO6,2687
CO,6,CO6,2688
CO,6,CO6,2782
CO,6,CO6,2783
CO,7,CO7,2684
CO,7,CO7,2685
CO,7,CO7,2780
CO,7,CO7,2781
CO,7,CO7,2875
CT,1,CT1,
CT,1,CT1,
CT,1,CT1,
CT,1,CT1,
CT,1,CT1,
CT,2,CT2,
CT,2,CT2,
CT,2,CT2,
CT,2,CT2,
CT,2,CT2,
CT,3,CT3,
CT,3,CT3,
CT,3,CT3,
CT,3,CT3,
CT,3,CT3,
CT,4,CT4,
CT,4,CT4,
CT,4,CT4,
CT,4,CT4,
CT,4,CT4,
CT,5,CT5,
CT,5,CT5,
CT,5,CT5,
CT,5,CT5,
CT,5,CT5,
DE,1,DE1,
DE,1,DE1,
DE,1,DE1,
DE,1,DE1,
DE,1,DE1,
FL,1,FL1,
FL,1,FL1,
FL,1,FL1,
FL,1,FL1,
FL,1,FL1,
FL,2,FL2,
FL,2,FL2,
FL,2,FL2,
FL,2,FL2,
FL,2,FL2,
FL,3,FL3,
FL,3,FL3,
FL,3,FL3,
FL,3,FL3,
FL,3,FL3,
FL,4,FL4,
FL,4,FL4,
FL,4,FL4,
FL,4,FL4,
FL,4,FL4,
FL,5,FL5,
FL,5,FL5,
FL,5,FL5,
FL,5,FL5,
FL,5,FL5,
FL,6,FL6,
FL,6,FL6,
FL,6,FL6,
FL,6,FL6,
FL,6,FL6,
FL,7,FL7,
FL,7,FL7,
FL,7,FL7,
FL,7,FL7,
FL,7,FL7,
FL,8,FL8,
FL,8,FL8,
FL,8,FL8,
FL,8,FL8,
FL,8,FL8,
FL,9,FL9,
FL,9,FL9,
FL,9,FL9,
FL,9,FL9,
FL,9,FL9,
FL,10,FL10,
FL,10,FL10,
FL,10,FL10,
FL,10,FL10,
FL,10,FL10,
FL,11,FL11,
FL,11,FL11,
FL,11,FL11,
FL,11,FL11,
FL,11,FL11,
FL,12,FL12,
FL,12,FL12,
FL,12,FL12,
FL,12,FL12,
FL,12,FL12,
FL,13,FL13,
FL,13,FL13,
FL,13,FL13,
FL,13,FL13,
FL,13,FL13,
FL,14,FL14,
FL,14,FL14,
FL,14,FL14,
FL,14,FL14,
FL,14,FL14,
FL,15,FL15,
FL,15,FL15,
FL,15,FL15,
FL,15,FL15,
FL,15,FL15,
FL,16,FL16,
FL,16,FL16,
FL,16,FL16,
FL,16,FL16,
FL,16,FL16,
FL,17,FL17,
FL,17,FL17,
FL,17,FL17,
FL,17,FL17,
FL,17,FL17,
FL,18,FL18,
FL,18,FL18,
FL,18,FL18,
FL,18,FL18,
FL,18,FL18,
FL,19,FL19,
FL,19,FL19,
FL,19,FL19,
FL,19,FL19,
FL,19,FL19,
FL,20,FL20,
FL,20,FL20,
FL,20,FL20,
FL,20,FL20,
FL,20,FL20,
FL,21,FL21,
FL,21,FL21,
FL,21,FL21,
FL,21,FL21,
FL,21,FL21,
FL,22,FL22,
FL,22,FL22,
FL,22,FL22,
FL,22,FL22,
FL,22,FL22,
FL,23,FL23,
FL,23,FL23,
FL,23,FL23,
FL,23,FL23,
FL,23,FL23,
FL,24,FL24,
FL,24,FL24,
FL,24,FL24,
FL,24,FL24,
FL,24,FL24,
FL,25,FL25,
FL,25,FL25,
FL,25,FL25,
FL,25,FL25,
FL,25,FL25,
FL,26,FL26,
FL,26,FL26,
FL,26,FL26,
FL,26,FL26,
FL,26,FL26,
FL,27,FL27,
FL,27,FL27,
FL,27,FL27,
FL,27,FL27,
FL,27,FL27,
GA,1,GA1,
GA,1,GA1,
GA,1,GA1,
GA,1,GA1,
GA,1,GA1,
GA,2,GA2,
GA,2,GA2,
GA,2,GA2,
GA,2,GA2,
GA,2,GA2,
GA,3,GA3,
GA,3,GA3,
GA,3,GA3,
GA,3,GA3,
GA,3,GA3,
GA,4,GA4,
GA,4,GA4,
GA,4,GA4,
GA,4,GA4,
GA,4,GA4,
GA,5,GA5,
GA,5,GA5,
GA,5,GA5,
GA,5,GA5,
GA,5,GA5,
GA,6,GA6,
GA,6,GA6,
GA,6,GA6,
GA,6,GA6,
GA,6,GA6,
GA,7,GA7,
GA,7,GA7,
GA,7,GA7,
GA,7,GA7,
GA,7,GA7,
GA,8,GA8,
GA,8,GA8,
GA,8,GA8,
GA,8,GA8,
GA,8,GA8,
GA,9,GA9,
GA,9,GA9,
GA,9,GA9,
GA,9,GA9,
GA,9,GA9,
GA,10,GA10,
GA,10,GA10,
GA,10,GA10,
GA,10,GA10,
GA,10,GA10,
GA,11,GA11,
GA,11,GA11,
GA,11,GA11,
GA,11,GA11,
GA,11,GA11,
GA,12,GA12,
GA,12,GA12,
GA,12,GA12,
GA,12,GA12,
GA,12,GA12,
GA,13,GA13,
GA,13,GA13,
GA,13,GA13,
GA,13,GA13,
GA,13,GA13,
GA,14,GA14,
GA,14,GA14,
GA,14,GA14,
GA,14,GA14,
GA,14,GA14,
HI,1,HI1,
HI,1,HI1,
HI,1,HI1,
HI,1,HI1,
HI,1,HI1,
HI,2,HI2,
HI,2,HI2,
HI,2,HI2,
HI,2,HI2,
HI,2,HI2,
ID,1,ID1,295
ID,1,ID1,390
ID,1,ID1,485
ID,1,ID1,486
ID,1,ID1,579
ID,2,ID2,580
ID,2,ID2,581
ID,2,ID2,675
ID,2,ID2,676
ID,2,ID2,677
IL,1,IL1,
IL,1,IL1,
IL,1,IL1,
IL,1,IL1,
IL,1,IL1,
IL,2,IL2,
IL,2,IL2,
IL,2,IL2,
IL,2,IL2,
IL,2,IL2,
IL,3,IL3,
IL,3,IL3,
IL,3,IL3,
IL,3,IL3,
IL,3,IL3,
IL,4,IL4,
IL,4,IL4,
IL,4,IL4,
IL,4,IL4,
IL,4,IL4,
IL,5,IL5,
IL,5,IL5,
IL,5,IL5,
IL,5,IL5,
IL,5,IL5,
IL,6,IL6,
IL,6,IL6,
IL,6,IL6,
IL,6,IL6,
IL,6,IL6,
IL,7,IL7,
IL,7,IL7,
IL,7,IL7,
IL,7,IL7,
IL,7,IL7,
IL,8,IL8,
IL,8,IL8,
IL,8,IL8,
IL,8,IL8,
IL,8,IL8,
IL,9,IL9,
IL,9,IL9,
IL,9,IL9,
IL,9,IL9,
IL,9,IL9,
IL,10,IL10,
IL,10,IL10,
IL,10,IL10,
IL,10,IL10,
IL,10,IL10,
IL,11,IL11,
IL,11,IL11,
IL,11,IL11,
IL,11,IL11,
IL,11,IL11,
IL,12,IL12,
IL,12,IL12,
IL,12,IL12,
IL,12,IL12,
IL,12,IL12,
IL,13,IL13,
IL,13,IL13,
IL,13,IL13,
IL,13,IL13,
IL,13,IL13,
IL,14,IL14,
IL,14,IL14,
IL,14,IL14,
IL,14,IL14,
IL,14,IL14,
IL,15,IL15,
IL,15,IL15,
IL,15,IL15,
IL,15,IL15,
IL,15,IL15,
IL,16,IL16,
IL,16,IL16,
IL,16,IL16,
IL,16,IL16,
IL,16,IL16,
IL,17,IL17,
IL,17,IL17,
IL,17,IL17,
IL,17,IL17,
IL,17,IL17,
IL,18,IL18,
IL,18,IL18,
IL,18,IL18,
IL,18,IL18,
IL,18,IL18,
IN,1,IN1,
IN,1,IN1,
IN,1,IN1,
IN,1,IN1,
IN,1,IN1,
IN,2,IN2,
IN,2,IN2,
IN,2,IN2,
IN,2,IN2,
IN,2,IN2,
IN,3,IN3,
IN,3,IN3,
IN,3,IN3,
IN,3,IN3,
IN,3,IN3,
IN,4,IN4,
IN,4,IN4,
IN,4,IN4,
IN,4,IN4,
IN,4,IN4,
IN,5,IN5,
IN,5,IN5,
IN,5,IN5,
IN,5,IN5,
IN,5,IN5,
IN,6,IN6,
IN,6,IN6,
IN,6,IN6,
IN,6,IN6,
IN,6,IN6,
IN,7,IN7,
IN,7,IN7,
IN,7,IN7,
IN,7,IN7,
IN,7,IN7,
IN,8,IN8,
IN,8,IN8,
IN,8,IN8,
IN,8,IN8,
IN,8,IN8,
IN,9,IN9,
IN,9,IN9,
IN,9,IN9,
IN,9,IN9,
IN,9,IN9,
IA,1,IA1,
IA,1,IA1,
IA,1,IA1,
IA,1,IA1,
IA,1,IA1,
IA,2,IA2,
IA,2,IA2,
IA,2,IA2,
IA,2,IA2,
IA,2,IA2,
IA,3,IA3,
IA,3,IA3,
IA,3,IA3,
IA,3,IA3,
IA,3,IA3,
IA,4,IA4,
IA,4,IA4,
IA,4,IA4,
IA,4,IA4,
IA,4,IA4,
KS,1,KS1,
KS,1,KS1,
KS,1,KS1,
KS,1,KS1,
KS,1,KS1,
KS,2,KS2,
KS,2,KS2,
KS,2,KS2,
KS,2,KS2,
KS,2,KS2,
KS,3,KS3,
KS,3,KS3,
KS,3,KS3,
KS,3,KS3,
KS,3,KS3,
KS,4,KS4,
KS,4,KS4,
KS,4,KS4,
KS,4,KS4,
KS,4,KS4,
KY,1,KY1,
KY,1,KY1,
KY,1,KY1,
KY,1,KY1,
KY,1,KY1,
KY,2,KY2,
KY,2,KY2,
KY,2,KY2,
KY,2,KY2,
KY,2,KY2,
KY,3,KY3,
KY,3,KY3,
KY,3,KY3,
KY,3,KY3,
KY,3,KY3,
KY,4,KY4,
KY,4,KY4,
KY,4,KY4,
KY,4,KY4,
KY,4,KY4,
KY,5,KY5,
KY,5,KY5,
KY,5,KY5,
KY,5,KY5,
KY,5,KY5,
KY,6,KY6,
KY,6,KY6,
KY,6,KY6,
KY,6,KY6,
KY,6,KY6,
LA,1,LA1,
LA,1,LA1,
LA,1,LA1,
LA,1,LA1,
LA,1,LA1,
LA,2,LA2,
LA,2,LA2,
LA,2,LA2,
LA,2,LA2,
LA,2,LA2,
LA,3,LA3,
LA,3,LA3,
LA,3,LA3,
LA,3,LA3,
LA,3,LA3,
LA,4,LA4,
LA,4,LA4,
LA,4,LA4,
LA,4,LA4,
LA,4,LA4,
LA,5,LA5,
LA,5,LA5,
LA,5,LA5,
LA,5,LA5,
LA,5,LA5,
LA,6,LA6,
LA,6,LA6,
LA,6,LA6,
LA,6,LA6,
LA,6,LA6,
ME,1,ME1,
ME,1,ME1,
ME,1,ME1,
ME,1,ME1,
ME,1,ME1,
ME,2,ME2,
ME,2,ME2,
ME,2,ME2,
ME,2,ME2,
ME,2,ME2,
MD,1,MD1,
MD,1,MD1,
MD,1,MD1,
MD,1,MD1,
MD,1,MD1,
MD,2,MD2,
MD,2,MD2,
MD,2,MD2,
MD,2,MD2,
MD,2,MD2,
MD,3,MD3,
MD,3,MD3,
MD,3,MD3,
MD,3,MD3,
MD,3,MD3,
MD,4,MD4,
MD,4,MD4,
MD,4,MD4,
MD,4,MD4,
MD,4,MD4,
MD,5,MD5,
MD,5,MD5,
MD,5,MD5,
MD,5,MD5,
MD,5,MD5,
MD,6,MD6,
MD,6,MD6,
MD,6,MD6,
MD,6,MD6,
MD,6,MD6,
MD,7,MD7,
MD,7,MD7,
MD,7,MD7,
MD,7,MD7,
MD,7,MD7,
MD,8,MD8,
MD,8,MD8,
MD,8,MD8,
MD,8,MD8,
MD,8,MD8,
MA,1,MA1,
MA,1,MA1,
MA,1,MA1,
MA,1,MA1,
MA,1,MA1,
MA,2,MA2,
MA,2,MA2,
MA,2,MA2,
MA,2,MA2,
MA,2,MA2,
MA,3,MA3,
MA,3,MA3,
MA,3,MA3,
MA,3,MA3,
MA,3,MA3,
MA,4,MA4,
MA,4,MA4,
MA,4,MA4,
MA,4,MA4,
MA,4,MA4,
MA,5,MA5,
MA,5,MA5,
MA,5,MA5,
MA,5,MA5,
MA,5,MA5,
MA,6,MA6,
MA,6,MA6,
MA,6,MA6,
MA,6,MA6,
MA,6,MA6,
MA,7,MA7,
MA,7,MA7,
MA,7,MA7,
MA,7,MA7,
MA,7,MA7,
MA,8,MA8,
MA,8,MA8,
MA,8,MA8,
MA,8,MA8,
MA,8,MA8,
MA,9,MA9,
MA,9,MA9,
MA,9,MA9,
MA,9,MA9,
MA,9,MA9,
MI,1,MI1,
MI,1,MI1,
MI,1,MI1,
MI,1,MI1,
MI,1,MI1,
MI,2,MI2,
MI,2,MI2,
MI,2,MI2,
MI,2,MI2,
MI,2,MI2,
MI,3,MI3,
MI,3,MI3,
MI,3,MI3,
MI,3,MI3,
MI,3,MI3,
MI,4,MI4,
MI,4,MI4,
MI,4,MI4,
MI,4,MI4,
MI,4,MI4,
MI,5,MI5,
MI,5,MI5,
MI,5,MI5,
MI,5,MI5,
MI,5,MI5,
MI,6,MI6,
MI,6,MI6,
MI,6,MI6,
MI,6,MI6,
MI,6,MI6,
MI,7,MI7,
MI,7,MI7,
MI,7,MI7,
MI,7,MI7,
MI,7,MI7,
MI,8,MI8,
MI,8,MI8,
MI,8,MI8,
MI,8,MI8,
MI,8,MI8,
MI,9,MI9,
MI,9,MI9,
MI,9,MI9,
MI,9,MI9,
MI,9,MI9,
MI,10,MI10,
MI,10,MI10,
MI,10,MI10,
MI,10,MI10,
MI,10,MI10,
MI,11,MI11,
MI,11,MI11,
MI,11,MI11,
MI,11,MI11,
MI,11,MI11,
MI,12,MI12,
MI,12,MI12,
MI,12,MI12,
MI,12,MI12,
MI,12,MI12,
MI,13,MI13,
MI,13,MI13,
MI,13,MI13,
MI,13,MI13,
MI,13,MI13,
MI,14,MI14,
MI,14,MI14,
MI,14,MI14,
MI,14,MI14,
MI,14,MI14,
MN,1,MN1,
MN,1,MN1,
MN,1,MN1,
MN,1,MN1,
MN,1,MN1,
MN,2,MN2,
MN,2,MN2,
MN,2,MN2,
MN,2,MN2,
MN,2,MN2,
MN,3,MN3,
MN,3,MN3,
MN,3,MN3,
MN,3,MN3,
MN,3,MN3,
MN,4,MN4,
MN,4,MN4,
MN,4,MN4,
MN,4,MN4,
MN,4,MN4,
MN,5,MN5,
MN,5,MN5,
MN,5,MN5,
MN,5,MN5,
MN,5,MN5,
MN,6,MN6,
MN,6,MN6,
MN,6,MN6,
MN,6,MN6,
MN,6,MN6,
MN,7,MN7,
MN,7,MN7,
MN,7,MN7,
MN,7,MN7,
MN,7,MN7,
MN,8,MN8,
MN,8,MN8,
MN,8,MN8,
MN,8,MN8,
MN,8,MN8,
MS,1,MS1,
MS,1,MS1,
MS,1,MS1,
MS,1,MS1,
MS,1,MS1,
MS,2,MS2,
MS,2,MS2,
MS,2,MS2,
MS,2,MS2,
MS,2,MS2,
MS,3,MS3,
MS,3,MS3,
MS,3,MS3,
MS,3,MS3,
MS,3,MS3,
MS,4,MS4,
MS,4,MS4,
MS,4,MS4,
MS,4,MS4,
MS,4,MS4,
MO,1,MO1,
MO,1,MO1,
MO,1,MO1,
MO,1,MO1,
MO,1,MO1,
MO,2,MO2,
MO,2,MO2,
MO,2,MO2,
MO,2,MO2,
MO,2,MO2,
MO,3,MO3,
MO,3,MO3,
MO,3,MO3,
MO,3,MO3,
MO,3,MO3,
MO,4,MO4,
MO,4,MO4,
MO,4,MO4,
MO,4,MO4,
MO,4,MO4,
MO,5,MO5,
MO,5,MO5,
MO,5,MO5,
MO,5,MO5,
MO,5,MO5,
MO,6,MO6,
MO,6,MO6,
MO,6,MO6,
MO,6,MO6,
MO,6,MO6,
MO,7,MO7,
MO,7,MO7,
MO,7,MO7,
MO,7,MO7,
MO,7,MO7,
MO,8,MO8,
MO,8,MO8,
MO,8,MO8,
MO,8,MO8,
MO,8,MO8,
MT,1,MT1,296
MT,1,MT1,297
MT,1,MT1,298
MT,1,MT1,391
MT,1,MT1,392
NE,1,NE1,
NE,1,NE1,
NE,1,NE1,
NE,1,NE1,
NE,1,NE1,
NE,2,NE2,
NE,2,NE2,
NE,2,NE2,
NE,2,NE2,
NE,2,NE2,
NE,3,NE3,
NE,3,NE3,
NE,3,NE3,
NE,3,NE3,
NE,3,NE3,
NV,1,NV1,2770
NV,1,NV1,2771
NV,1,NV1,2772
NV,1,NV1,2865
NV,1,NV1,2866
NV,2,NV2,2674
NV,2,NV2,2675
NV,2,NV2,2580
NV,2,NV2,2484
NV,2,NV2,2485
NV,3,NV3,2867
NV,3,NV3,2961
NV,3,NV3,2962
NV,3,NV3,3056
NV,3,NV3,3057
NV,4,NV4,2486
NV,4,NV4,2581
NV,4,NV4,2582
NV,4,NV4,2676
NV,4,NV4,2677
NH,1,NH1,
NH,1,NH1,
NH,1,NH1,
NH,1,NH1,
NH,1,NH1,
NH,2,NH2,
NH,2,NH2,
NH,2,NH2,
NH,2,NH2,
NH,2,NH2,
NJ,1,NJ1,
NJ,1,NJ1,
NJ,1,NJ1,
NJ,1,NJ1,
NJ,1,NJ1,
NJ,2,NJ2,
NJ,2,NJ2,
NJ,2,NJ2,
NJ,2,NJ2,
NJ,2,NJ2,
NJ,3,NJ3,
NJ,3,NJ3,
NJ,3,NJ3,
NJ,3,NJ3,
NJ,3,NJ3,
NJ,4,NJ4,
NJ,4,NJ4,
NJ,4,NJ4,
NJ,4,NJ4,
NJ,4,NJ4,
NJ,5,NJ5,
NJ,5,NJ5,
NJ,5,NJ5,
NJ,5,NJ5,
NJ,5,NJ5,
NJ,6,NJ6,
NJ,6,NJ6,
NJ,6,NJ6,
NJ,6,NJ6,
NJ,6,NJ6,
NJ,7,NJ7,
NJ,7,NJ7,
NJ,7,NJ7,
NJ,7,NJ7,
NJ,7,NJ7,
NJ,8,NJ8,
NJ,8,NJ8,
NJ,8,NJ8,
NJ,8,NJ8,
NJ,8,NJ8,
NJ,9,NJ9,
NJ,9,NJ9,
NJ,9,NJ9,
NJ,9,NJ9,
NJ,9,NJ9,
NJ,10,NJ10,
NJ,10,NJ10,
NJ,10,NJ10,
NJ,10,NJ10,
NJ,10,NJ10,
NJ,11,NJ11,
NJ,11,NJ11,
NJ,11,NJ11,
NJ,11,NJ11,
NJ,11,NJ11,
NJ,12,NJ12,
NJ,12,NJ12,
NJ,12,NJ12,
NJ,12,NJ12,
NJ,12,NJ12,
NM,1,NM1,3160
NM,1,NM1,3254
NM,1,NM1,3349
NM,1,NM1,3350
NM,1,NM1,3444
NM,2,NM2,3347
NM,2,NM2,3348
NM,2,NM2,3442
NM,2,NM2,3443
NM,2,NM2,3537
NM,3,NM3,3157
NM,3,NM3,3158
NM,3,NM3,3159
NM,3,NM3,3252
NM,3,NM3,3253
NY,1,NY1,
NY,1,NY1,
NY,1,NY1,
NY,1,NY1,
NY,1,NY1,
NY,2,NY2,
NY,2,NY2,
NY,2,NY2,
NY,2,NY2,
NY,2,NY2,
NY,3,NY3,
NY,3,NY3,
NY,3,NY3,
NY,3,NY3,
NY,3,NY3,
NY,4,NY4,
NY,4,NY4,
NY,4,NY4,
NY,4,NY4,
NY,4,NY4,
NY,5,NY5,
NY,5,NY5,
NY,5,NY5,
NY,5,NY5,
NY,5,NY5,
NY,6,NY6,
NY,6,NY6,
NY,6,NY6,
NY,6,NY6,
NY,6,NY6,
NY,7,NY7,
NY,7,NY7,
NY,7,NY7,
NY,7,NY7,
NY,7,NY7,
NY,8,NY8,
NY,8,NY8,
NY,8,NY8,
NY,8,NY8,
NY,8,NY8,
NY,9,NY9,
NY,9,NY9,
NY,9,NY9,
NY,9,NY9,
NY,9,NY9,
NY,10,NY10,
NY,10,NY10,
NY,10,NY10,
NY,10,NY10,
NY,10,NY10,
NY,11,NY11,
NY,11,NY11,
NY,11,NY11,
NY,11,NY11,
NY,11,NY11,
NY,12,NY12,
NY,12,NY12,
NY,12,NY12,
NY,12,NY12,
NY,12,NY12,
NY,13,NY13,
NY,13,NY13,
NY,13,NY13,
NY,13,NY13,
NY,13,NY13,
NY,14,NY14,
NY,14,NY14,
NY,14,NY14,
NY,14,NY14,
NY,14,NY14,
NY,15,NY15,
NY,15,NY15,
NY,15,NY15,
NY,15,NY15,
NY,15,NY15,
NY,16,NY16,
NY,16,NY16,
NY,16,NY16,
NY,16,NY16,
NY,16,NY16,
NY,17,NY17,
NY,17,NY17,
NY,17,NY17,
NY,17,NY17,
NY,17,NY17,
NY,18,NY18,
NY,18,NY18,
NY,18,NY18,
NY,18,NY18,
NY,18,NY18,
NY,19,NY19,
NY,19,NY19,
NY,19,NY19,
NY,19,NY19,
NY,19,NY19,
NY,20,NY20,
NY,20,NY20,
NY,20,NY20,
NY,20,NY20,
NY,20,NY20,
NY,21,NY21,
NY,21,NY21,
NY,21,NY21,
NY,21,NY21,
NY,21,NY21,
NY,22,NY22,
NY,22,NY22,
NY,22,NY22,
NY,22,NY22,
NY,22,NY22,
NY,23,NY23,
NY,23,NY23,
NY,23,NY23,
NY,23,NY23,
NY,23,NY23,
NY,24,NY24,
NY,24,NY24,
NY,24,NY24,
NY,24,NY24,
NY,24,NY24,
NY,25,NY25,
NY,25,NY25,
NY,25,NY25,
NY,25,NY25,
NY,25,NY25,
NY,26,NY26,
NY,26,NY26,
NY,26,NY26,
NY,26,NY26,
NY,26,NY26,
NY,27,NY27,
NY,27,NY27,
NY,27,NY27,
NY,27,NY27,
NY,27,NY27,
NC,1,NC1,
NC,1,NC1,
NC,1,NC1,
NC,1,NC1,
NC,1,NC1,
NC,2,NC2,
NC,2,NC2,
NC,2,NC2,
NC,2,NC2,
NC,2,NC2,
NC,3,NC3,
NC,3,NC3,
NC,3,NC3,
NC,3,NC3,
NC,3,NC3,
NC,4,NC4,
NC,4,NC4,
NC,4,NC4,
NC,4,NC4,
NC,4,NC4,
NC,5,NC5,
NC,5,NC5,
NC,5,NC5,
NC,5,NC5,
NC,5,NC5,
NC,6,NC6,
NC,6,NC6,
NC,6,NC6,
NC,6,NC6,
NC,6,NC6,
NC,7,NC7,
NC,7,NC7,
NC,7,NC7,
NC,7,NC7,
NC,7,NC7,
NC,8,NC8,
NC,8,NC8,
NC,8,NC8,
NC,8,NC8,
NC,8,NC8,
NC,9,NC9,
NC,9,NC9,
NC,9,NC9,
NC,9,NC9,
NC,9,NC9,
NC,10,NC10,
NC,10,NC10,
NC,10,NC10,
NC,10,NC10,
NC,10,NC10,
NC,11,NC11,
NC,11,NC11,
NC,11,NC11,
NC,11,NC11,
NC,11,NC11,
NC,12,NC12,
NC,12,NC12,
NC,12,NC12,
NC,12,NC12,
NC,12,NC12,
NC,13,NC13,
NC,13,NC13,
NC,13,NC13,
NC,13,NC13,
NC,13,NC13,
ND,1,ND1,
ND,1,ND1,
ND,1,ND1,
ND,1,ND1,
ND,1,ND1,
OH,1,OH1,
OH,1,OH1,
OH,1,OH1,
OH,1,OH1,
OH,1,OH1,
OH,2,OH2,
OH,2,OH2,
OH,2,OH2,
OH,2,OH2,
OH,2,OH2,
OH,3,OH3,
OH,3,OH3,
OH,3,OH3,
OH,3,OH3,
OH,3,OH3,
OH,4,OH4,
OH,4,OH4,
OH,4,OH4,
OH,4,OH4,
OH,4,OH4,
OH,5,OH5,
OH,5,OH5,
OH,5,OH5,
OH,5,OH5,
OH,5,OH5,
OH,6,OH6,
OH,6,OH6,
OH,6,OH6,
OH,6,OH6,
OH,6,OH6,
OH,7,OH7,
OH,7,OH7,
OH,7,OH7,
OH,7,OH7,
OH,7,OH7,
OH,8,OH8,
OH,8,OH8,
OH,8,OH8,
OH,8,OH8,
OH,8,OH8,
OH,9,OH9,
OH,9,OH9,
OH,9,OH9,
OH,9,OH9,
OH,9,OH9,
OH,10,OH10,
OH,10,OH10,
OH,10,OH10,
OH,10,OH10,
OH,10,OH10,
OH,11,OH11,
OH,11,OH11,
OH,11,OH11,
OH,11,OH11,
OH,11,OH11,
OH,12,OH12,
OH,12,OH12,
OH,12,OH12,
OH,12,OH12,
OH,12,OH12,
OH,13,OH13,
OH,13,OH13,
OH,13,OH13,
OH,13,OH13,
OH,13,OH13,
OH,14,OH14,
OH,14,OH14,
OH,14,OH14,
OH,14,OH14,
OH,14,OH14,
OH,15,OH15,
OH,15,OH15,
OH,15,OH15,
OH,15,OH15,
OH,15,OH15,
OH,16,OH16,
OH,16,OH16,
OH,16,OH16,
OH,16,OH16,
OH,16,OH16,
OK,1,OK1,
OK,1,OK1,
OK,1,OK1,
OK,1,OK1,
OK,1,OK1,
OK,2,OK2,
OK,2,OK2,
OK,2,OK2,
OK,2,OK2,
OK,2,OK2,
OK,3,OK3,
OK,3,OK3,
OK,3,OK3,
OK,3,OK3,
OK,3,OK3,
OK,4,OK4,
OK,4,OK4,
OK,4,OK4,
OK,4,OK4,
OK,4,OK4,
OK,5,OK5,
OK,5,OK5,
OK,5,OK5,
OK,5,OK5,
OK,5,OK5,
OR,1,OR1,858
OR,1,OR1,859
OR,1,OR1,952
OR,1,OR1,953
OR,1,OR1,954
OR,2,OR2,1146
OR,2,OR2,1147
OR,2,OR2,1241
OR,2,OR2,1242
OR,2,OR2,1243
OR,3,OR3,955
OR,3,OR3,956
OR,3,OR3,957
OR,3,OR3,1051
OR,3,OR3,1052
OR,4,OR4,1144
OR,4,OR4,1145
OR,4,OR4,1238
OR,4,OR4,1239
OR,4,OR4,1240
OR,5,OR5,1048
OR,5,OR5,1049
OR,5,OR5,1050
OR,5,OR5,1143
OR,5,OR5,1142
PA,1,PA1,
PA,1,PA1,
PA,1,PA1,
PA,1,PA1,
PA,1,PA1,
PA,2,PA2,
PA,2,PA2,
PA,2,PA2,
PA,2,PA2,
PA,2,PA2,
PA,3,PA3,
PA,3,PA3,
PA,3,PA3,
PA,3,PA3,
PA,3,PA3,
PA,4,PA4,
PA,4,PA4,
PA,4,PA4,
PA,4,PA4,
PA,4,PA4,
PA,5,PA5,
PA,5,PA5,
PA,5,PA5,
PA,5,PA5,
PA,5,PA5,
PA,6,PA6,
PA,6,PA6,
PA,6,PA6,
PA,6,PA6,
PA,6,PA6,
PA,7,PA7,
PA,7,PA7,
PA,7,PA7,
PA,7,PA7,
PA,7,PA7,
PA,8,PA8,
PA,8,PA8,
PA,8,PA8,
PA,8,PA8,
PA,8,PA8,
PA,9,PA9,
PA,9,PA9,
PA,9,PA9,
PA,9,PA9,
PA,9,PA9,
PA,10,PA10,
PA,10,PA10,
PA,10,PA10,
PA,10,PA10,
PA,10,PA10,
PA,11,PA11,
PA,11,PA11,
PA,11,PA11,
PA,11,PA11,
PA,11,PA11,
PA,12,PA12,
PA,12,PA12,
PA,12,PA12,
PA,12,PA12,
PA,12,PA12,
PA,13,PA13,
PA,13,PA13,
PA,13,PA13,
PA,13,PA13,
PA,13,PA13,
PA,14,PA14,
PA,14,PA14,
PA,14,PA14,
PA,14,PA14,
PA,14,PA14,
PA,15,PA15,
PA,15,PA15,
PA,15,PA15,
PA,15,PA15,
PA,15,PA15,
PA,16,PA16,
PA,16,PA16,
PA,16,PA16,
PA,16,PA16,
PA,16,PA16,
PA,17,PA17,
PA,17,PA17,
PA,17,PA17,
PA,17,PA17,
PA,17,PA17,
PA,18,PA18,
PA,18,PA18,
PA,18,PA18,
PA,18,PA18,
PA,18,PA18,
RI,1,RI1,
RI,1,RI1,
RI,1,RI1,
RI,1,RI1,
RI,1,RI1,
RI,2,RI2,
RI,2,RI2,
RI,2,RI2,
RI,2,RI2,
RI,2,RI2,
SC,1,SC1,
SC,1,SC1,
SC,1,SC1,
SC,1,SC1,
SC,1,SC1,
SC,2,SC2,
SC,2,SC2,
SC,2,SC2,
SC,2,SC2,
SC,2,SC2,
SC,3,SC3,
SC,3,SC3,
SC,3,SC3,
SC,3,SC3,
SC,3,SC3,
SC,4,SC4,
SC,4,SC4,
SC,4,SC4,
SC,4,SC4,
SC,4,SC4,
SC,5,SC5,
SC,5,SC5,
SC,5,SC5,
SC,5,SC5,
SC,5,SC5,
SC,6,SC6,
SC,6,SC6,
SC,6,SC6,
SC,6,SC6,
SC,6,SC6,
SC,7,SC7,
SC,7,SC7,
SC,7,SC7,
SC,7,SC7,
SC,7,SC7,
SD,1,SD1,
SD,1,SD1,
SD,1,SD1,
SD,1,SD1,
SD,1,SD1,
TN,1,TN1,
TN,1,TN1,
TN,1,TN1,
TN,1,TN1,
TN,1,TN1,
TN,2,TN2,
TN,2,TN2,
TN,2,TN2,
TN,2,TN2,
TN,2,TN2,
TN,3,TN3,
TN,3,TN3,
TN,3,TN3,
TN,3,TN3,
TN,3,TN3,
TN,4,TN4,
TN,4,TN4,
TN,4,TN4,
TN,4,TN4,
TN,4,TN4,
TN,5,TN5,
TN,5,TN5,
TN,5,TN5,
TN,5,TN5,
TN,5,TN5,
TN,6,TN6,
TN,6,TN6,
TN,6,TN6,
TN,6,TN6,
TN,6,TN6,
TN,7,TN7,
TN,7,TN7,
TN,7,TN7,
TN,7,TN7,
TN,7,TN7,
TN,8,TN8,
TN,8,TN8,
TN,8,TN8,
TN,8,TN8,
TN,8,TN8,
TN,9,TN9,
TN,9,TN9,
TN,9,TN9,
TN,9,TN9,
TN,9,TN9,
TX,1,TX1,3644
TX,1,TX1,3645
TX,1,TX1,3646
TX,1,TX1,3740
TX,1,TX1,3741
TX,2,TX2,3736
TX,2,TX2,3737
TX,2,TX2,3831
TX,2,TX2,3832
TX,2,TX2,3833
TX,3,TX3,3260
TX,3,TX3,3261
TX,3,TX3,3262
TX,3,TX3,3167
TX,3,TX3,3166
TX,4,TX4,3454
TX,4,TX4,3455
TX,4,TX4,3549
TX,4,TX4,3550
TX,4,TX4,3551
TX,5,TX5,3357
TX,5,TX5,3358
TX,5,TX5,3452
TX,5,TX5,3548
TX,5,TX5,3453
TX,6,TX6,3828
TX,6,TX6,3829
TX,6,TX6,3830
TX,6,TX6,3735
TX,6,TX6,3734
TX,7,TX7,4304
TX,7,TX7,4305
TX,7,TX7,4398
TX,7,TX7,4399
TX,7,TX7,4400
TX,8,TX8,3641
TX,8,TX8,3642
TX,8,TX8,3643
TX,8,TX8,3738
TX,8,TX8,3739
TX,9,TX9,4306
TX,9,TX9,4211
TX,9,TX9,4212
TX,9,TX9,4116
TX,9,TX9,4117
TX,10,TX10,4114
TX,10,TX10,4115
TX,10,TX10,4208
TX,10,TX10,4209
TX,10,TX10,4210
TX,11,TX11,3538
TX,11,TX11,3539
TX,11,TX11,3540
TX,11,TX11,3632
TX,11,TX11,3633
TX,12,TX12,3634
TX,12,TX12,3635
TX,12,TX12,3730
TX,12,TX12,3824
TX,12,TX12,3825
TX,13,TX13,3255
TX,13,TX13,3257
TX,13,TX13,3256
TX,13,TX13,3161
TX,13,TX13,3162
TX,14,TX14,4118
TX,14,TX14,4213
TX,14,TX14,4119
TX,14,TX14,4024
TX,14,TX14,4025
TX,15,TX15,4493
TX,15,TX15,4494
TX,15,TX15,4495
TX,15,TX15,4588
TX,15,TX15,4589
TX,16,TX16,3630
TX,16,TX16,3631
TX,16,TX16,3726
TX,16,TX16,3727
TX,16,TX16,3821
TX,17,TX17,4017
TX,17,TX17,4018
TX,17,TX17,3922
TX,17,TX17,3923
TX,17,TX17,3924
TX,18,TX18,4019
TX,18,TX18,4020
TX,18,TX18,4021
TX,18,TX18,3926
TX,18,TX18,3925
TX,19,TX19,3445
TX,19,TX19,3446
TX,19,TX19,3447
TX,19,TX19,3352
TX,19,TX19,3351
TX,20,TX20,4109
TX,20,TX20,4110
TX,20,TX20,4204
TX,20,TX20,4205
TX,20,TX20,4300
TX,21,TX21,3918
TX,21,TX21,3919
TX,21,TX21,4012
TX,21,TX21,4013
TX,21,TX21,4108
TX,22,TX22,4401
TX,22,TX22,4497
TX,22,TX22,4402
TX,22,TX22,4307
TX,22,TX22,4308
TX,23,TX23,3917
TX,23,TX23,3822
TX,23,TX23,3728
TX,23,TX23,3729
TX,23,TX23,3823
TX,24,TX24,3353
TX,24,TX24,3354
TX,24,TX24,3355
TX,24,TX24,3448
TX,24,TX24,3449
TX,25,TX25,3826
TX,25,TX25,3827
TX,25,TX25,3731
TX,25,TX25,3732
TX,25,TX25,3733
TX,26,TX26,3163
TX,26,TX26,3164
TX,26,TX26,3165
TX,26,TX26,3258
TX,26,TX26,3259
TX,27,TX27,4685
TX,27,TX27,4686
TX,27,TX27,4590
TX,27,TX27,4591
TX,27,TX27,4496
TX,28,TX28,4301
TX,28,TX28,4302
TX,28,TX28,4303
TX,28,TX28,4396
TX,28,TX28,4397
TX,29,TX29,3929
TX,29,TX29,3928
TX,29,TX29,3927
TX,29,TX29,4022
TX,29,TX29,4023
TX,30,TX30,3638
TX,30,TX30,3639
TX,30,TX30,3640
TX,30,TX30,3545
TX,30,TX30,3544
TX,31,TX31,3920
TX,31,TX31,3921
TX,31,TX31,4014
TX,31,TX31,4015
TX,31,TX31,4016
TX,32,TX32,3356
TX,32,TX32,3450
TX,32,TX32,3451
TX,32,TX32,3546
TX,32,TX32,3547
TX,33,TX33,3636
TX,33,TX33,3637
TX,33,TX33,3541
TX,33,TX33,3542
TX,33,TX33,3543
TX,34,TX34,4684
TX,34,TX34,4779
TX,34,TX34,4780
TX,34,TX34,4875
TX,34,TX34,4876
TX,35,TX35,4111
TX,35,TX35,4112
TX,35,TX35,4113
TX,35,TX35,4206
TX,35,TX35,4207
TX,36,TX36,3834
TX,36,TX36,3835
TX,36,TX36,3930
TX,36,TX36,3931
TX,36,TX36,3932
UT,1,UT1,2583
UT,1,UT1,2584
UT,1,UT1,2678
UT,1,UT1,2679
UT,1,UT1,2773
UT,2,UT2,2868
UT,2,UT2,2869
UT,2,UT2,2963
UT,2,UT2,2964
UT,2,UT2,3058
UT,3,UT3,2965
UT,3,UT3,2966
UT,3,UT3,3059
UT,3,UT3,3060
UT,3,UT3,3061
UT,4,UT4,2774
UT,4,UT4,2775
UT,4,UT4,2776
UT,4,UT4,2870
UT,4,UT4,2871
VT,1,VT1,
VT,1,VT1,
VT,1,VT1,
VT,1,VT1,
VT,1,VT1,
VA,1,VA1,
VA,1,VA1,
VA,1,VA1,
VA,1,VA1,
VA,1,VA1,
VA,2,VA2,
VA,2,VA2,
VA,2,VA2,
VA,2,VA2,
VA,2,VA2,
VA,3,VA3,
VA,3,VA3,
VA,3,VA3,
VA,3,VA3,
VA,3,VA3,
VA,4,VA4,
VA,4,VA4,
VA,4,VA4,
VA,4,VA4,
VA,4,VA4,
VA,5,VA5,
VA,5,VA5,
VA,5,VA5,
VA,5,VA5,
VA,5,VA5,
VA,6,VA6,
VA,6,VA6,
VA,6,VA6,
VA,6,VA6,
VA,6,VA6,
VA,7,VA7,
VA,7,VA7,
VA,7,VA7,
VA,7,VA7,
VA,7,VA7,
VA,8,VA8,
VA,8,VA8,
VA,8,VA8,
VA,8,VA8,
VA,8,VA8,
VA,9,VA9,
VA,9,VA9,
VA,9,VA9,
VA,9,VA9,
VA,9,VA9,
VA,10,VA10,
VA,10,VA10,
VA,10,VA10,
VA,10,VA10,
VA,10,VA10,
VA,11,VA11,
VA,11,VA11,
VA,11,VA11,
VA,11,VA11,
VA,11,VA11,
WA,1,WA1,294
WA,1,WA1,388
WA,1,WA1,389
WA,1,WA1,483
WA,1,WA1,484
WA,2,WA2,292
WA,2,WA2,293
WA,2,WA2,386
WA,2,WA2,387
WA,2,WA2,482
WA,3,WA3,667
WA,3,WA3,668
WA,3,WA3,669
WA,3,WA3,762
WA,3,WA3,763
WA,4,WA4,767
WA,4,WA4,768
WA,4,WA4,862
WA,4,WA4,863
WA,4,WA4,864
WA,5,WA5,577
WA,5,WA5,578
WA,5,WA5,673
WA,5,WA5,674
WA,5,WA5,769
WA,6,WA6,381
WA,6,WA6,382
WA,6,WA6,477
WA,6,WA6,478
WA,6,WA6,572
WA,7,WA7,384
WA,7,WA7,385
WA,7,WA7,289
WA,7,WA7,290
WA,7,WA7,291
WA,8,WA8,575
WA,8,WA8,576
WA,8,WA8,671
WA,8,WA8,672
WA,8,WA8,766
WA,9,WA9,479
WA,9,WA9,480
WA,9,WA9,481
WA,9,WA9,573
WA,9,WA9,574
WA,10,WA10,670
WA,10,WA10,764
WA,10,WA10,765
WA,10,WA10,860
WA,10,WA10,861
WV,1,WV1,
WV,1,WV1,
WV,1,WV1,
WV,1,WV1,
WV,1,WV1,
WV,2,WV2,
WV,2,WV2,
WV,2,WV2,
WV,2,WV2,
WV,2,WV2,
WV,3,WV3,
WV,3,WV3,
WV,3,WV3,
WV,3,WV3,
WV,3,WV3,
WI,1,WI1,
WI,1,WI1,
WI,1,WI1,
WI,1,WI1,
WI,1,WI1,
WI,2,WI2,
WI,2,WI2,
WI,2,WI2,
WI,2,WI2,
WI,2,WI2,
WI,3,WI3,
WI,3,WI3,
WI,3,WI3,
WI,3,WI3,
WI,3,WI3,
WI,4,WI4,
WI,4,WI4,
WI,4,WI4,
WI,4,WI4,
WI,4,WI4,
WI,5,WI5,
WI,5,WI5,
WI,5,WI5,
WI,5,WI5,
WI,5,WI5,
WI,6,WI6,
WI,6,WI6,
WI,6,WI6,
WI,6,WI6,
WI,6,WI6,
WI,7,WI7,
WI,7,WI7,
WI,7,WI7,
WI,7,WI7,
WI,7,WI7,
WI,8,WI8,
WI,8,WI8,
WI,8,WI8,
WI,8,WI8,
WI,8,WI8,
WY,1,WY1,487
WY,1,WY1,488
WY,1,WY1,489
WY,1,WY1,583
WY,1,WY1,582